ts_id,2,3,4,5,6,7,8,9,10,11,12,13,14,15,16,17,18,19,20
0,1,0,1,1,1,3,2,1,8,0,1,1,10,2,2,1,1,6,12
1,1,0,1,1,1,3,2,1,8,0,1,1,10,2,2,1,1,6,12
2,1,0,1,1,1,3,2,1,9,5,8,12,0,2,11,1,1,6,12
3,1,0,1,1,1,3,2,7,9,5,8,12,0,9,11,6,10,17,11
4,0,1,0,2,3,0,1,7,2,3,7,6,8,12,10,15,5,18,14
5,1,0,1,1,1,3,2,1,8,0,1,1,10,7,2,9,4,1,10
6,1,0,1,1,1,3,2,7,9,5,8,12,0,9,11,6,10,17,1
7,1,0,1,1,1,3,2,7,9,5,8,12,0,9,6,6,10,17,1
8,0,1,0,4,3,0,1,7,2,3,7,6,8,12,10,15,8,13,17
9,1,0,1,1,1,3,2,1,9,5,8,12,0,2,11,1,1,13,11
10,1,0,1,1,1,3,2,1,8,0,1,1,10,2,2,1,1,6,12
11,1,0,1,1,1,3,2,1,8,0,1,1,10,2,2,1,1,6,12
12,1,0,1,1,1,3,2,7,9,5,8,12,0,9,11,6,10,17,11
13,1,0,1,1,1,3,2,1,8,0,1,1,10,7,2,9,4,1,10
14,1,0,1,1,1,3,2,1,8,0,1,1,10,7,2,9,4,1,12
15,0,1,0,2,5,2,1,2,2,3,7,6,8,12,10,15,13,18,14
16,1,0,1,1,1,3,2,1,8,0,1,1,10,2,2,1,1,6,12
17,1,0,1,1,1,3,2,7,9,5,8,12,0,9,6,16,10,13,17
18,1,0,1,1,1,3,2,1,8,0,1,1,10,7,2,9,4,1,10
19,1,0,1,1,1,3,2,1,9,5,8,12,0,2,11,1,1,6,12
20,1,0,1,1,3,0,2,7,2,3,7,6,8,10,6,6,8,10,17
21,1,0,1,1,1,3,2,7,9,5,8,12,0,9,11,6,10,17,1
22,1,0,1,1,1,3,2,1,8,0,1,1,10,2,2,1,1,6,12
23,1,0,1,1,1,3,2,1,8,0,1,1,10,7,2,9,4,1,10
24,1,0,1,1,1,3,2,1,8,0,1,1,10,7,2,9,4,1,12
25,1,0,1,1,1,3,2,1,8,0,1,1,10,2,11,1,1,6,12
26,1,0,1,1,1,3,2,1,8,0,1,1,10,7,2,9,4,1,10
27,0,1,0,4,3,0,1,7,2,3,7,6,8,10,6,15,8,10,17
28,1,0,1,1,1,3,2,1,8,0,1,1,10,2,2,1,1,6,12
29,0,1,0,2,5,2,1,2,2,3,7,6,8,12,10,15,5,18,14
30,1,0,1,1,1,3,2,1,8,0,1,1,10,7,2,9,4,1,10
31,1,0,1,1,1,3,2,1,9,5,8,12,0,2,11,1,1,6,1
32,0,1,0,4,3,0,7,4,2,3,7,6,8,10,10,15,8,10,17
33,1,0,1,1,1,3,2,7,9,5,8,12,0,9,11,16,10,17,11
34,1,0,1,1,1,3,2,1,8,0,1,1,10,7,2,9,4,1,12
35,1,0,1,1,1,3,2,7,9,5,8,12,0,9,6,6,10,17,11
36,1,0,1,1,1,3,2,1,8,0,1,1,10,7,2,9,4,1,10
37,1,0,1,1,1,3,2,7,9,5,8,12,0,10,6,6,10,17,1
38,1,0,1,1,1,3,2,1,8,0,1,1,10,2,2,1,1,6,12
39,1,0,1,1,1,3,2,1,8,0,1,1,10,2,11,1,1,6,12
40,1,0,1,1,1,3,2,7,9,5,8,12,0,9,11,6,10,17,1
41,1,0,1,1,1,3,2,7,9,5,8,12,0,9,11,6,10,17,1
42,1,0,1,1,1,3,2,1,8,0,1,1,10,7,2,9,4,1,12
43,1,0,1,1,1,3,2,7,9,5,8,12,0,9,11,6,10,17,1
44,0,1,0,4,3,0,1,2,2,3,7,6,8,12,10,15,5,18,14
45,1,0,1,1,1,3,2,1,9,5,8,12,0,2,11,1,1,6,11
46,1,0,1,1,1,3,2,1,8,0,1,1,10,2,2,1,1,6,12
47,1,0,1,1,1,3,2,7,9,5,8,12,0,9,11,6,10,17,11
48,1,1,0,2,3,0,1,7,2,3,7,6,8,10,6,15,5,10,17
49,1,0,1,1,1,3,2,1,9,5,8,12,0,2,11,16,1,6,11
50,1,0,1,1,1,3,2,7,9,5,8,12,0,9,6,16,10,13,1
51,1,0,1,1,1,3,2,1,9,5,8,12,0,2,11,1,1,6,1
52,1,0,1,1,1,3,2,7,9,5,8,12,0,9,11,6,10,17,11
53,1,0,1,1,1,3,2,7,9,5,8,12,0,9,11,6,10,17,11
54,1,0,1,1,1,3,2,1,8,0,1,1,10,7,2,1,4,6,12
55,1,0,1,1,1,3,2,7,9,5,8,12,0,9,11,6,10,17,11
56,1,0,1,1,1,3,2,1,8,0,1,1,10,7,2,9,4,1,12
57,0,1,0,4,3,0,1,7,2,3,7,6,8,10,10,15,8,10,17
58,1,0,1,1,1,3,2,1,9,5,8,12,0,2,11,1,1,6,1
59,1,0,1,1,1,3,2,1,8,0,1,1,10,2,2,1,1,6,12
60,1,0,1,1,1,3,2,1,8,0,1,1,10,2,2,1,1,6,12
61,1,0,1,1,1,3,2,7,9,5,8,12,0,9,11,6,10,17,11
62,1,0,1,1,1,3,2,1,8,0,1,1,10,2,11,1,1,6,12
63,1,0,1,1,1,3,2,1,9,5,8,12,0,2,11,1,1,6,11
64,1,0,1,1,1,3,2,1,8,0,1,1,10,2,11,1,1,6,12
65,1,0,1,1,1,3,2,7,9,5,8,12,0,9,11,6,10,17,11
66,1,0,1,1,1,3,2,1,8,0,1,1,10,2,11,1,1,6,12
67,1,0,1,1,1,3,2,1,8,0,1,1,10,2,2,1,1,6,12
68,1,0,1,1,1,3,2,7,9,5,8,12,0,9,11,6,10,17,1
69,1,0,1,1,1,3,2,1,8,0,1,1,10,7,2,9,4,1,10
70,1,0,1,1,1,3,2,1,8,0,1,1,10,7,2,9,4,1,10
71,1,0,1,1,1,3,2,1,8,0,1,1,10,2,11,1,1,6,12
72,0,1,0,4,3,2,7,4,7,2,4,9,4,4,5,2,6,11,2
73,0,1,0,2,5,4,4,0,6,9,2,8,2,12,7,5,13,18,14
74,1,0,1,1,1,3,2,1,8,0,1,1,10,7,2,9,1,1,12
75,1,0,1,1,1,3,2,7,9,5,8,12,0,9,6,16,10,17,11
76,1,0,1,1,1,3,2,1,9,5,8,12,0,2,11,1,1,17,11
77,1,0,1,1,1,3,2,1,8,0,1,1,10,2,2,1,1,6,12
78,0,1,0,2,5,2,1,2,2,3,7,6,8,12,10,15,5,18,14
79,1,0,1,1,1,3,2,1,8,0,1,1,10,7,2,9,4,1,10
80,1,0,1,1,1,3,2,1,8,0,1,1,10,2,2,1,1,6,12
81,1,0,1,1,1,3,2,1,8,0,1,1,10,7,2,9,4,1,10
82,1,0,1,1,1,3,2,1,8,0,1,1,10,7,2,9,4,1,10
83,1,0,1,1,1,3,2,1,8,0,1,1,10,2,2,1,1,6,12
84,0,1,0,4,3,0,1,2,2,3,7,6,8,12,10,15,5,18,14
85,1,0,1,1,1,3,2,1,8,0,1,1,10,2,2,1,1,6,12
86,0,2,3,3,0,4,4,0,6,9,0,8,6,5,7,5,13,2,7
87,1,0,1,1,1,3,2,1,8,0,1,1,10,2,2,1,1,6,12
88,1,0,1,1,1,3,2,7,9,5,8,12,0,9,11,6,10,17,1
89,1,0,1,1,1,3,2,1,8,0,1,1,10,7,2,9,4,1,10
90,1,0,1,1,1,3,2,1,8,0,1,1,10,7,2,9,4,1,10
91,1,0,1,1,1,3,2,7,9,5,8,12,0,9,11,6,10,17,1
92,1,0,1,1,1,3,2,1,8,0,1,1,10,7,2,9,4,1,10
93,1,0,1,1,1,3,2,7,9,5,8,12,0,9,11,16,10,17,1
94,1,0,1,1,1,3,2,1,8,0,1,1,10,2,2,1,1,6,12
95,0,1,0,2,3,0,1,2,2,3,7,6,8,12,10,15,8,18,14
96,0,1,0,4,3,0,6,6,5,8,9,7,5,6,8,7,9,5,6
97,1,0,1,1,1,3,2,1,8,0,1,1,10,2,2,1,1,6,12
98,0,1,0,2,5,2,1,2,2,3,7,6,8,12,10,15,5,18,14
99,1,0,1,1,1,3,2,1,8,0,1,1,10,7,2,9,4,1,10
100,1,0,1,1,1,3,2,7,9,5,8,12,0,10,6,6,10,10,1
101,1,0,1,1,1,3,2,1,8,0,1,1,10,7,2,9,4,1,10
102,1,0,1,1,1,3,2,1,9,5,8,12,0,9,11,6,10,17,11
103,1,0,1,1,1,3,2,1,8,0,1,1,10,2,2,1,1,6,12
104,1,0,1,1,1,3,2,1,8,0,1,1,10,7,2,9,4,1,12
105,1,0,1,1,1,3,2,1,8,0,1,1,10,2,2,1,1,6,12
106,1,0,1,1,1,3,2,1,8,0,1,1,10,7,2,9,4,1,10
107,1,1,0,2,3,0,1,7,2,3,7,6,8,10,6,15,8,10,17
108,1,0,1,1,1,3,2,1,8,0,1,1,10,7,2,9,4,1,10
109,1,0,1,1,1,3,2,1,8,0,1,1,10,2,2,1,1,6,12
110,1,0,1,4,3,3,7,4,7,2,4,9,0,9,5,16,10,17,11
111,0,1,0,2,5,2,1,2,0,7,11,2,12,3,4,13,15,3,18
112,1,0,1,1,1,3,2,1,9,5,8,12,0,2,11,1,1,6,11
113,1,0,1,1,1,3,2,1,8,0,1,1,10,2,2,1,1,6,12
114,1,0,1,1,1,3,2,7,9,5,8,12,0,9,11,16,10,17,11
115,1,0,1,1,1,3,2,1,8,0,1,1,10,2,2,1,1,6,12
116,1,0,1,1,1,3,2,7,9,5,8,12,0,9,11,6,10,17,11
117,1,0,1,1,1,3,2,1,9,5,8,12,0,9,11,16,10,13,11
118,1,0,1,1,1,3,2,1,9,5,8,12,0,2,11,1,1,6,11
119,1,0,1,1,1,3,2,1,9,5,8,12,0,2,11,1,1,6,12
120,1,0,1,1,1,3,2,1,8,0,1,1,10,7,2,9,4,1,10
121,1,0,1,1,1,3,2,1,8,0,1,1,10,7,2,9,4,1,12
122,1,0,1,1,1,3,2,1,9,5,8,12,0,2,11,1,1,6,11
123,1,0,1,1,1,3,2,1,8,0,1,1,10,7,2,9,4,1,12
124,1,0,1,1,1,3,2,7,9,5,8,12,0,9,6,16,10,13,11
125,1,0,1,1,1,3,2,1,8,0,1,1,10,2,2,1,1,6,12
126,1,0,1,1,1,3,2,1,8,0,1,1,10,7,2,9,4,1,12
127,1,0,1,1,1,3,2,7,9,5,8,12,0,9,11,6,10,17,11
128,1,0,1,1,1,3,2,1,9,5,8,12,0,2,11,1,1,6,1
129,1,0,1,1,1,3,2,1,8,0,1,1,10,7,2,9,4,1,10
130,1,0,1,1,1,3,2,1,8,0,1,1,10,2,2,1,1,1,12
131,1,0,1,1,1,3,2,1,8,0,1,1,10,2,2,1,1,6,12
132,1,0,1,1,1,3,2,1,8,0,1,1,10,2,2,1,1,6,12
133,1,0,1,1,1,3,2,1,8,0,1,1,10,7,2,9,4,6,10
134,1,0,0,1,3,0,1,7,2,3,7,6,8,10,6,15,8,10,17
135,1,0,1,1,1,3,2,1,8,0,1,1,10,7,2,9,4,1,10
136,1,0,1,1,1,3,2,1,8,0,1,1,10,2,11,1,1,6,12
137,1,0,1,1,1,3,2,1,8,0,1,1,10,7,2,9,4,1,12
138,1,0,1,1,5,3,1,7,9,5,8,12,0,9,11,16,10,17,11
139,1,0,1,1,1,3,2,1,8,0,1,1,10,7,2,1,4,6,10
140,0,1,0,2,3,0,1,7,2,3,7,6,8,10,10,15,5,10,14
141,1,0,1,1,1,3,2,1,8,0,1,1,10,7,2,1,4,6,12
142,1,0,1,1,1,3,2,1,8,0,1,1,10,7,2,9,4,1,12
143,1,0,1,1,1,3,2,1,8,0,1,1,10,2,11,1,1,6,12
144,1,0,1,1,1,3,2,1,8,0,1,1,10,2,2,1,1,6,1
145,1,0,1,1,1,3,2,1,8,0,1,1,10,7,2,9,4,6,10
146,1,0,1,1,1,3,2,1,8,0,1,1,10,2,2,1,1,6,12
147,1,0,1,1,1,3,2,7,9,5,8,12,0,9,11,16,10,13,11
148,0,1,0,4,3,0,1,2,2,3,7,6,8,12,10,15,8,18,14
149,0,1,0,2,3,0,1,2,2,3,7,6,8,12,10,15,5,18,14
150,1,0,1,1,1,3,2,7,9,5,8,12,0,9,11,16,10,13,11
151,0,1,0,2,5,2,1,2,2,3,7,6,8,12,10,15,5,18,14
152,1,0,1,1,1,3,2,1,8,0,1,1,10,7,2,9,4,1,10
153,1,0,1,4,3,0,7,4,7,8,4,11,11,4,15,11,11,8,15
154,1,0,1,1,1,3,2,1,8,0,1,1,10,2,11,1,1,6,12
155,1,0,1,1,1,3,2,1,8,0,1,1,10,2,2,1,1,6,12
156,1,0,1,1,1,3,2,1,8,0,1,1,10,7,2,9,4,1,10
157,1,0,1,1,1,3,2,1,9,5,8,12,0,2,11,1,1,6,11
158,1,0,1,1,1,3,2,7,9,5,8,12,0,9,11,16,10,17,11
159,1,0,1,1,1,3,2,1,8,0,1,1,10,7,2,9,4,1,10
160,0,1,0,4,3,0,1,7,2,3,7,6,8,10,10,15,8,10,17
161,0,1,0,2,5,2,1,2,2,3,7,6,8,12,10,15,5,18,14
162,1,0,1,1,1,3,2,7,9,5,8,12,0,9,11,6,10,17,11
163,1,0,1,1,1,3,2,1,8,0,1,1,10,7,2,9,4,1,12
164,0,1,0,4,3,0,1,7,2,3,7,6,8,10,10,15,8,10,17
165,1,0,1,1,1,3,2,1,9,5,8,12,0,2,11,1,1,6,11
166,0,1,0,2,3,0,1,2,2,3,7,6,8,12,10,15,8,18,14
167,1,0,1,1,1,3,2,7,9,5,8,12,0,9,11,16,10,17,11
168,1,0,1,1,1,3,2,1,9,5,8,12,0,2,11,1,1,6,1
169,1,0,1,1,1,3,2,1,8,0,1,1,10,2,2,1,1,6,12
170,1,0,1,1,1,3,2,1,8,0,1,1,10,7,2,9,4,1,10
171,1,0,1,1,1,3,2,1,8,0,1,1,10,2,2,1,1,6,12
172,1,0,1,1,1,3,2,1,8,0,1,1,10,7,2,9,4,1,10
173,1,0,1,1,1,3,2,1,9,5,8,12,0,2,11,1,1,6,12
174,1,0,1,1,1,3,2,1,8,0,1,1,10,2,2,1,1,6,12
175,0,1,0,2,5,2,1,7,2,3,7,6,8,10,10,15,5,10,14
176,1,0,1,1,1,3,2,1,8,0,1,1,10,2,2,1,1,6,12
177,1,0,1,1,1,3,2,1,8,0,1,1,10,7,2,9,4,1,10
178,0,1,0,2,5,0,1,2,2,3,7,6,8,13,10,15,8,14,17
179,1,0,1,1,1,3,2,1,8,0,1,1,10,2,2,1,4,6,12
180,1,0,1,1,1,3,2,1,8,0,1,1,10,7,11,16,4,6,12
181,1,0,1,1,1,3,2,1,8,0,1,1,10,2,11,1,1,6,12
182,0,1,0,2,5,2,1,2,0,7,2,2,2,13,13,3,0,3,18
183,1,0,1,1,1,3,2,1,9,5,8,12,0,2,11,6,1,6,1
184,0,1,0,2,5,0,1,7,2,3,7,6,8,10,10,15,5,10,14
185,1,0,1,1,1,3,2,7,9,5,8,12,0,9,11,16,10,17,11
186,1,0,1,1,1,3,2,1,8,0,1,1,10,7,2,9,4,1,10
187,1,0,1,1,1,3,2,1,8,0,1,1,10,7,2,9,4,1,10
188,1,0,1,1,1,3,2,1,8,0,1,1,10,2,2,1,1,6,12
189,0,1,0,2,3,0,1,7,2,3,7,6,8,10,10,15,5,10,14
190,1,0,1,1,1,3,2,7,9,5,8,12,0,9,11,16,10,17,11
191,1,0,1,1,1,3,2,7,9,5,8,12,0,9,11,6,10,17,11
192,1,0,1,1,1,3,2,1,8,0,1,1,10,7,2,9,4,1,12
193,1,0,1,1,1,3,2,7,9,5,8,12,0,9,6,16,10,17,1
194,1,0,1,1,1,3,2,1,9,5,8,12,0,2,11,1,1,6,12
195,1,0,1,1,1,3,2,1,8,0,1,1,10,2,2,1,1,6,12
196,1,0,1,1,3,0,1,7,2,3,7,6,8,10,6,15,8,10,17
197,1,0,1,1,1,3,2,1,8,0,1,1,10,2,2,1,1,6,12
198,1,0,1,1,1,3,2,1,8,0,1,1,10,2,11,1,1,6,12
199,0,1,0,4,3,0,1,7,2,3,7,6,8,10,10,15,8,13,17
200,1,0,1,1,1,3,2,7,9,5,8,12,0,9,11,6,10,17,1
201,1,0,1,1,1,3,2,1,8,0,1,1,10,2,2,1,1,6,12
202,1,0,1,1,1,3,2,1,8,0,1,1,10,2,2,1,1,6,12
203,1,0,1,1,1,3,2,1,8,0,1,1,10,7,2,9,4,1,10
204,1,0,1,1,1,3,2,1,8,0,1,1,10,2,2,1,1,6,12
205,0,1,0,2,5,0,1,2,2,3,7,6,8,12,10,15,5,18,14
206,0,1,0,2,5,2,1,2,0,7,2,2,2,13,13,3,0,3,18
207,0,1,0,2,5,2,1,2,0,7,7,2,2,12,10,15,5,18,14
208,1,0,1,1,1,3,2,7,9,5,8,12,0,9,6,6,10,17,1
209,1,0,1,1,1,3,2,1,8,0,1,1,10,7,2,9,4,1,10
210,1,0,1,1,1,3,2,1,8,0,1,1,10,7,2,1,1,6,12
211,1,0,1,1,1,3,2,1,8,0,1,1,10,2,11,1,1,6,12
212,1,0,1,1,1,3,2,1,8,0,1,1,10,2,2,1,1,6,12
213,1,0,1,1,1,3,2,1,9,5,8,12,0,2,11,1,1,6,12
214,1,0,1,1,1,3,2,1,8,0,1,1,10,7,2,9,4,1,10
215,1,0,1,1,1,3,2,1,8,0,1,1,10,7,2,9,4,1,12
216,1,0,1,1,1,3,2,1,8,0,1,1,10,7,2,9,4,1,10
217,1,0,1,1,1,3,2,1,8,0,1,1,10,7,2,9,4,1,12
218,1,0,1,1,1,3,2,7,9,5,8,12,0,9,11,6,10,17,11
219,1,0,1,1,1,3,2,1,9,5,8,12,0,2,11,1,1,6,11
220,0,1,0,4,3,0,1,7,2,3,7,6,8,10,10,15,8,10,17
221,1,0,1,1,1,3,2,1,8,0,1,1,10,2,11,1,1,6,12
222,1,0,1,1,1,3,2,1,8,0,1,1,10,2,2,1,1,6,12
223,1,0,1,1,1,3,2,1,8,0,1,1,10,2,2,1,1,6,12
224,1,0,1,1,1,3,2,1,8,0,1,1,10,2,11,1,1,6,11
225,0,1,0,4,3,2,1,4,2,3,7,6,8,12,10,15,5,18,14
226,1,0,1,1,1,0,2,7,2,3,7,6,8,10,6,6,8,10,17
227,0,1,0,4,3,0,1,7,2,3,7,6,8,10,6,15,8,10,17
228,1,0,1,1,1,3,2,1,8,0,1,1,10,7,2,9,4,1,12
229,0,1,0,2,3,0,1,2,2,3,7,6,8,12,10,15,8,18,17
230,1,0,1,1,1,3,2,1,9,5,8,12,0,2,11,6,10,17,11
231,1,0,1,1,1,3,2,1,8,0,1,1,10,7,2,9,4,1,10
232,1,0,1,1,1,3,2,7,9,5,8,12,0,9,6,16,10,17,11
233,0,1,0,2,5,2,1,2,2,3,2,6,2,12,10,15,13,18,14
234,1,0,1,1,1,3,2,7,9,5,8,12,0,9,11,16,10,17,11
235,1,0,1,1,1,3,2,1,8,0,1,1,10,7,2,1,1,1,12
236,1,0,1,1,1,3,2,7,9,5,8,12,0,9,11,16,10,17,11
237,1,0,1,1,1,3,2,1,8,0,1,1,10,7,2,9,4,1,10
238,1,0,1,1,1,3,2,1,8,0,1,1,10,2,2,1,1,6,12
239,1,0,1,1,1,3,2,7,9,5,8,12,0,9,6,6,10,17,1
240,1,0,1,1,1,3,2,1,8,0,1,1,10,7,2,9,4,1,10
241,1,0,1,1,1,3,2,1,8,0,1,1,10,7,2,9,4,1,12
242,1,0,1,1,1,3,2,1,8,0,1,1,10,7,2,9,4,1,12
243,1,0,1,1,1,3,2,1,8,0,1,1,10,7,2,9,4,1,10
244,1,0,1,1,1,3,2,7,9,5,8,12,0,9,11,6,10,17,11
245,1,0,1,1,1,3,2,1,8,0,1,1,10,2,11,1,1,6,12
246,1,0,1,1,1,3,2,1,8,0,1,1,10,7,2,9,4,1,12
247,1,0,1,1,1,3,2,1,8,0,1,1,10,7,2,9,4,1,12
248,1,0,1,1,1,3,2,1,9,5,8,12,0,9,11,16,10,17,11
249,1,0,1,1,1,3,2,1,8,0,1,1,10,2,11,1,1,6,12
250,0,1,3,2,0,1,3,3,1,1,5,0,1,11,1,8,7,7,9
251,0,1,0,2,5,1,3,2,0,1,5,0,1,11,1,8,7,7,9
252,0,1,0,2,5,2,1,2,0,7,11,2,12,3,4,13,15,11,2
253,0,1,0,2,0,4,4,0,6,9,2,8,6,5,7,5,13,18,7
254,0,1,0,2,5,2,1,2,0,7,11,2,12,3,4,13,15,11,2
255,0,1,0,4,3,2,7,4,7,2,4,9,4,4,5,2,6,11,2
256,0,1,0,2,5,2,1,2,0,7,11,2,12,3,4,13,15,11,2
257,0,1,0,2,5,2,1,2,0,7,11,2,12,3,4,13,15,3,18
258,0,1,0,2,5,1,3,2,0,1,5,0,1,11,1,8,7,7,9
259,0,1,0,2,0,1,3,3,1,1,5,0,1,11,1,8,7,7,9
260,0,1,0,2,5,2,1,2,0,7,11,2,12,3,4,13,15,3,18
261,0,1,0,2,5,2,1,2,0,7,11,2,12,3,4,13,15,11,2
262,0,2,2,0,4,4,4,0,6,9,0,8,6,5,0,10,17,2,7
263,0,1,0,2,5,2,1,2,0,7,2,2,2,13,13,3,0,14,18
264,0,1,0,2,5,2,1,2,0,7,11,2,12,3,4,13,15,11,2
265,0,1,0,2,5,2,1,2,0,7,11,2,12,3,4,13,15,3,18
266,0,1,0,2,5,2,1,2,0,7,11,2,2,13,13,3,0,3,18
267,0,2,2,0,4,4,4,0,6,9,0,8,6,5,7,5,17,2,7
268,0,1,0,2,5,2,1,2,0,1,5,0,1,11,1,8,7,7,9
269,0,1,0,2,5,2,1,2,0,7,11,2,12,3,4,13,15,3,18
270,0,1,0,2,5,2,1,2,0,7,11,2,12,3,4,13,15,11,2
271,0,1,0,2,5,2,1,2,0,7,11,2,12,3,4,13,15,3,18
272,0,1,3,3,0,1,3,3,1,1,5,0,1,11,1,8,7,7,9
273,0,1,0,2,5,2,1,2,0,7,11,2,12,3,4,13,15,11,2
274,0,2,2,0,4,4,4,0,6,9,0,3,6,14,0,10,17,2,7
275,0,1,0,2,5,2,1,2,0,7,11,2,12,3,4,13,15,11,18
276,0,1,0,2,5,2,1,2,0,7,11,2,12,3,4,13,15,11,2
277,0,1,0,2,5,2,1,2,0,7,11,2,12,3,4,13,15,11,2
278,0,1,0,2,5,2,1,2,0,7,2,2,2,13,13,3,0,3,18
279,0,1,0,2,5,2,1,2,0,7,11,2,12,3,4,13,15,11,2
280,0,2,2,0,4,4,4,0,6,9,0,8,6,5,7,5,17,2,7
281,0,1,0,2,5,2,3,2,0,1,5,0,1,11,1,8,7,7,9
282,0,1,0,2,5,2,1,2,0,7,11,2,12,3,4,13,15,11,2
283,0,2,2,0,4,4,4,0,6,9,0,8,6,5,7,5,17,2,7
284,0,1,0,2,5,2,1,2,0,7,11,2,12,3,4,13,15,3,18
285,0,1,0,2,5,2,1,2,0,1,5,0,1,11,1,8,7,7,9
286,0,1,0,2,5,2,1,2,0,7,2,2,2,13,13,3,0,3,18
287,0,1,0,2,5,2,1,2,0,7,11,2,12,3,4,13,15,11,2
288,0,1,0,2,5,2,1,2,0,7,11,2,12,3,4,13,15,3,18
289,0,1,0,2,5,2,1,2,0,7,11,2,12,3,4,13,15,3,18
290,0,1,0,2,5,2,1,2,0,7,11,2,12,3,4,13,15,11,2
291,0,2,2,0,4,4,4,0,6,9,0,3,6,14,0,10,14,16,16
292,0,1,0,4,3,2,7,4,7,2,4,9,4,4,5,2,6,12,8
293,0,1,0,2,5,2,1,2,0,7,2,2,2,13,13,3,0,14,18
294,0,1,0,2,5,2,1,2,0,7,11,2,12,3,4,13,15,3,18
295,0,2,2,0,4,4,4,0,6,9,0,8,6,5,7,5,17,2,7
296,0,1,0,4,3,0,6,6,5,8,9,7,5,6,8,7,9,5,6
297,0,1,0,2,5,2,1,2,0,7,11,2,12,3,4,13,15,3,18
298,0,1,0,2,5,2,1,2,0,7,11,2,12,3,4,13,15,3,18
299,0,1,0,2,5,2,1,2,0,7,2,2,2,13,13,3,0,14,18
300,0,1,0,2,5,2,1,2,0,7,11,2,12,3,4,13,15,11,2
301,0,1,0,2,5,2,1,2,0,7,2,2,2,13,13,3,0,14,18
302,0,2,3,3,4,4,4,0,6,9,0,8,6,5,7,5,17,2,7
303,0,1,0,2,5,2,1,2,0,7,11,2,12,3,4,13,15,11,2
304,0,2,2,0,4,4,4,0,6,9,0,8,6,5,7,5,17,2,7
305,0,1,0,2,5,2,1,2,0,7,11,2,12,3,4,13,15,3,18
306,0,2,3,3,0,1,3,3,1,1,5,8,1,5,7,5,13,2,7
307,0,1,0,2,5,2,1,2,0,7,11,2,12,3,4,13,15,3,18
308,0,1,0,2,5,2,1,2,0,7,11,2,12,3,4,13,15,3,18
309,0,1,0,2,5,2,1,2,0,7,11,2,12,3,1,13,7,3,18
310,0,2,2,0,4,4,4,0,6,9,0,3,6,14,0,10,14,16,16
311,0,2,2,0,4,4,4,0,6,9,0,8,6,5,7,5,17,2,7
312,0,1,0,2,5,2,1,2,0,7,11,2,2,13,4,3,0,3,18
313,0,1,0,2,5,2,1,2,0,7,11,2,12,3,4,13,15,3,18
314,0,1,0,2,5,2,1,2,0,7,11,2,12,3,4,13,15,3,18
315,0,1,0,2,5,1,3,2,0,1,5,0,1,11,1,8,7,7,9
316,0,1,0,2,5,2,1,2,0,7,11,2,12,3,4,13,15,3,18
317,0,1,0,2,5,2,1,2,0,7,2,2,2,12,13,3,13,18,14
318,0,1,0,2,5,2,1,2,0,7,11,2,12,3,4,13,15,3,18
319,0,1,0,2,5,2,1,2,0,7,11,2,12,3,4,13,15,3,18
320,0,1,0,2,5,2,1,2,0,7,11,2,12,3,4,13,15,3,18
321,0,1,0,2,5,2,1,2,0,7,2,2,2,13,13,3,0,14,13
322,0,1,0,2,5,2,1,2,0,7,11,2,12,3,4,13,15,3,18
323,0,1,0,2,5,2,1,2,0,7,11,2,12,3,4,13,15,11,2
324,0,1,0,2,5,2,1,2,0,7,11,2,12,3,4,13,15,3,18
325,0,1,0,2,5,2,1,2,0,7,11,2,12,3,4,13,15,3,18
326,0,1,0,2,5,2,1,2,0,7,11,2,12,3,4,13,15,3,18
327,0,1,0,2,5,2,1,2,0,7,11,2,12,3,4,13,15,3,18
328,0,1,0,2,5,2,1,2,0,7,11,2,12,3,4,13,15,3,18
329,0,1,0,2,5,1,3,2,0,1,5,0,1,11,1,8,7,7,9
330,0,1,0,2,5,2,1,2,0,7,11,2,12,3,4,13,15,3,18
331,0,1,0,2,5,2,1,2,0,7,11,2,12,3,4,13,15,11,2
332,0,1,0,2,5,2,1,2,0,7,11,2,12,3,4,13,15,3,18
333,0,1,0,2,5,2,1,2,0,7,11,2,12,3,4,13,15,3,18
334,0,2,2,0,4,4,4,0,6,9,0,8,6,5,7,5,17,2,7
335,0,1,0,2,5,2,1,2,0,7,11,2,12,3,4,13,15,11,2
336,0,1,0,2,5,2,1,2,0,7,11,2,12,3,4,13,15,3,18
337,0,2,3,3,0,1,3,3,1,1,5,0,1,11,12,8,16,7,9
338,0,2,2,0,4,4,4,0,6,9,0,8,6,5,7,5,17,2,7
339,0,1,0,2,5,2,1,2,0,7,11,2,12,3,1,13,7,3,9
340,0,1,0,2,5,2,1,2,0,7,11,2,12,3,1,13,7,3,9
341,0,2,3,3,0,4,4,0,6,9,0,8,6,5,7,5,17,2,7
342,0,1,0,2,5,2,1,2,0,7,11,2,12,3,4,13,15,3,18
343,0,1,0,2,5,2,1,2,0,7,11,2,12,3,4,13,15,3,18
344,0,1,0,2,5,2,1,2,0,7,11,2,12,3,4,13,15,3,18
345,0,1,0,2,0,1,3,3,1,1,5,0,1,11,1,8,7,7,9
346,0,1,0,2,5,2,1,2,0,7,11,2,12,3,4,13,15,11,2
347,0,1,0,2,5,2,1,2,0,7,2,8,2,12,13,3,13,18,13
348,0,1,0,2,5,2,1,2,0,7,11,2,12,3,4,13,15,11,2
349,0,1,0,2,5,2,1,2,0,7,11,2,12,3,4,13,15,3,18
350,0,2,3,3,0,1,3,3,1,1,5,0,1,11,12,8,16,7,9
351,0,1,0,2,5,2,1,2,0,7,11,2,12,3,4,13,15,11,2
352,0,1,0,2,5,2,1,2,0,7,11,2,12,3,4,13,15,11,2
353,0,1,0,2,5,2,1,2,0,7,11,2,12,3,4,13,15,11,2
354,0,1,0,2,5,2,1,2,0,1,5,0,1,11,1,8,7,7,9
355,0,1,0,2,5,2,1,2,0,1,5,0,1,11,1,8,7,7,9
356,0,1,0,2,5,2,1,2,0,7,2,2,2,13,13,3,0,14,18
357,0,1,0,2,5,1,3,2,0,1,5,0,1,11,1,8,7,7,9
358,0,1,0,2,5,2,1,2,0,7,11,2,12,3,4,13,15,3,18
359,0,1,0,2,5,2,1,2,0,7,11,2,12,3,4,13,15,11,2
360,0,1,0,2,5,2,1,2,0,7,11,2,12,3,4,13,15,3,18
361,0,1,0,2,5,2,1,2,0,7,2,2,2,13,13,3,0,3,18
362,0,1,0,2,5,2,1,2,0,7,11,2,12,3,4,13,15,11,2
363,0,1,0,2,5,2,1,2,0,7,11,2,12,3,4,13,15,11,2
364,0,2,2,0,4,4,4,0,6,9,0,8,6,5,7,5,17,2,7
365,0,1,0,2,5,2,1,2,0,7,11,2,12,3,4,13,15,3,18
366,0,1,0,2,5,2,1,2,0,7,2,2,2,13,13,3,0,14,13
367,0,1,0,2,5,2,1,2,0,7,11,2,12,3,4,13,15,11,2
368,0,1,0,2,5,2,1,2,0,7,11,2,12,3,4,13,15,3,18
369,0,1,0,4,3,2,7,4,7,2,4,9,4,4,5,2,6,11,8
370,0,1,0,2,5,2,1,2,0,7,11,2,12,3,4,13,15,11,2
371,0,1,0,2,5,2,1,2,0,1,11,0,1,11,1,8,7,3,9
372,0,1,0,2,5,2,1,2,0,7,11,2,12,3,4,13,15,3,18
373,0,1,0,2,5,2,1,2,0,7,11,2,12,3,4,13,15,11,2
374,0,1,0,2,5,2,1,2,0,7,11,2,12,3,4,13,15,3,18
375,0,2,2,0,4,4,4,0,6,9,0,3,6,14,0,10,17,2,7
376,0,1,0,2,5,2,1,2,0,1,2,0,2,13,1,3,7,7,9
377,0,1,0,2,5,2,1,2,0,7,11,2,12,3,4,13,15,3,18
378,0,1,0,2,5,2,1,2,0,7,11,2,12,3,4,13,15,11,18
379,0,1,0,2,5,2,1,2,0,7,2,2,2,13,13,3,0,14,18
380,0,1,0,2,5,2,1,2,0,7,11,2,12,3,4,13,15,11,2
381,0,1,0,2,5,2,1,2,0,7,2,2,2,13,13,3,0,11,2
382,0,1,0,2,0,1,3,3,1,1,5,0,1,11,1,8,7,7,9
383,0,1,0,2,5,2,1,2,0,7,11,2,2,13,13,3,0,3,18
384,0,1,0,2,5,2,1,2,0,7,11,2,12,3,4,13,15,11,2
385,0,1,0,2,5,2,1,2,0,1,5,0,1,11,1,8,7,7,9
386,0,1,0,4,3,2,7,4,7,2,4,9,4,4,5,2,6,11,2
387,0,1,0,2,5,2,1,2,0,7,11,2,12,3,4,13,15,3,18
388,0,1,0,2,5,1,1,2,0,1,5,0,1,11,1,8,7,7,9
389,0,1,0,2,5,2,1,2,0,7,11,2,12,3,4,13,15,3,18
390,0,1,0,2,5,2,1,2,0,7,11,2,12,3,4,13,15,3,18
391,0,2,2,0,4,4,4,0,6,9,0,8,6,5,7,5,17,2,7
392,0,2,2,0,4,4,4,0,6,9,0,8,6,5,0,10,17,2,7
393,0,1,0,2,5,2,1,2,0,7,11,2,12,3,4,13,15,3,18
394,0,1,0,2,5,2,1,2,0,1,5,0,1,11,1,8,7,7,9
395,0,1,0,2,5,2,1,2,0,7,11,2,12,3,4,13,15,3,18
396,0,1,0,2,5,1,3,2,1,1,5,0,1,11,1,8,7,7,9
397,0,2,2,0,4,4,4,0,6,9,0,8,6,5,7,5,17,2,7
398,0,1,0,2,5,2,1,2,0,7,2,2,2,13,13,3,0,3,18
399,0,2,2,0,4,4,4,0,6,9,0,8,6,5,7,5,17,2,7
400,0,1,0,2,5,2,1,2,0,7,11,2,12,3,4,13,15,11,2
401,0,1,0,2,5,2,1,2,0,7,11,2,12,3,4,13,15,3,18
402,0,1,0,2,5,2,1,2,0,7,11,2,12,3,4,13,15,3,18
403,0,1,0,2,5,2,1,2,0,7,2,2,2,13,13,3,0,14,18
404,0,1,0,2,5,2,1,2,0,7,11,2,12,3,4,13,15,11,2
405,0,1,0,2,5,2,1,2,0,7,11,2,12,3,4,13,15,3,18
406,0,2,2,0,4,4,4,0,6,9,0,8,6,5,7,5,17,2,7
407,0,1,0,2,5,1,3,3,1,1,5,0,1,11,1,8,7,7,9
408,0,2,2,0,4,4,4,0,6,9,0,8,6,5,7,5,17,2,7
409,0,1,0,2,5,1,1,2,0,1,5,0,1,11,1,8,7,7,9
410,0,1,0,2,5,2,1,2,0,7,11,2,12,3,4,13,15,11,2
411,0,1,0,2,0,1,3,3,1,1,5,0,1,11,1,8,7,7,9
412,0,1,3,3,0,1,3,3,1,1,5,0,1,11,1,8,7,7,9
413,0,1,0,2,5,2,1,2,0,7,2,2,2,13,13,3,0,14,18
414,0,1,0,2,5,2,1,2,0,1,5,0,1,11,1,8,7,7,9
415,0,1,0,2,5,2,1,2,0,7,11,2,12,3,4,13,15,3,18
416,0,2,2,0,4,4,4,0,6,9,0,8,6,5,7,5,17,2,7
417,0,1,0,2,5,2,1,2,0,7,11,2,12,3,4,13,15,11,2
418,0,1,0,2,5,2,1,2,0,7,11,2,12,3,4,13,15,3,18
419,0,1,3,3,0,1,3,3,1,1,5,0,1,11,1,8,7,7,9
420,0,1,0,4,3,2,7,4,7,2,4,9,12,3,5,13,15,11,2
421,0,1,0,2,5,2,1,2,0,7,11,2,12,3,4,13,15,11,2
422,0,1,0,2,5,2,1,2,0,7,11,2,2,13,4,3,0,3,18
423,0,1,0,2,5,2,1,2,0,7,11,2,12,3,4,13,15,3,18
424,0,1,3,2,0,1,3,3,1,1,5,0,1,11,1,8,7,7,9
425,0,1,0,2,5,2,1,2,0,7,11,2,12,3,4,13,15,3,18
426,0,2,3,3,0,1,3,3,1,1,5,0,1,11,1,8,7,7,9
427,0,1,0,2,5,2,1,2,0,7,2,2,2,13,13,3,0,3,18
428,0,2,3,3,0,1,3,3,1,1,5,0,1,11,1,8,7,7,9
429,0,2,2,0,4,4,4,0,6,9,0,8,6,5,7,5,17,2,7
430,0,1,0,2,5,2,1,2,0,7,2,2,2,13,13,3,0,14,13
431,0,1,0,2,5,2,1,2,0,7,2,2,2,13,13,3,0,14,18
432,0,2,2,0,4,4,4,0,6,9,0,8,6,5,7,5,17,2,7
433,0,1,0,2,5,2,1,2,0,7,2,2,2,13,13,3,0,3,18
434,0,1,0,2,5,2,1,2,0,7,11,2,12,3,4,13,15,3,18
435,0,1,0,2,5,2,1,2,0,7,11,2,12,3,4,13,15,3,18
436,0,1,0,2,5,2,1,2,0,7,11,2,12,3,4,13,15,11,2
437,0,2,3,3,0,1,3,3,1,1,5,8,1,5,7,5,17,2,7
438,0,1,0,2,5,2,1,2,0,7,11,2,2,13,4,3,0,3,18
439,0,1,0,2,5,1,3,2,1,1,5,0,1,11,1,8,7,7,9
440,0,1,0,4,3,0,6,6,5,8,9,7,5,6,8,7,9,5,6
441,0,2,3,3,4,4,4,0,6,9,0,8,6,5,7,5,17,2,7
442,0,1,0,2,5,2,1,2,0,7,11,2,12,3,4,13,15,11,2
443,0,1,0,2,5,2,1,2,0,7,11,2,12,3,4,13,15,3,18
444,0,2,2,0,4,4,4,0,6,9,0,8,6,5,0,10,17,2,7
445,0,1,0,2,5,2,1,2,0,7,11,2,12,3,4,13,15,3,18
446,0,1,0,2,5,2,1,2,0,7,11,2,12,3,4,13,15,3,18
447,0,1,0,2,5,2,1,2,0,7,11,2,12,3,4,13,15,3,18
448,0,1,0,2,5,2,1,2,0,7,11,2,12,3,4,13,15,11,2
449,0,1,3,2,0,1,3,3,1,1,5,0,1,11,1,8,7,7,9
450,0,1,0,2,5,2,1,2,0,7,11,2,12,3,4,13,15,3,18
451,0,1,0,2,5,2,1,2,0,7,11,2,12,3,4,13,15,3,18
452,0,1,3,2,0,1,3,3,1,1,5,0,1,11,1,8,7,7,9
453,0,1,0,2,0,1,3,3,1,1,5,0,1,11,1,8,7,7,9
454,0,1,0,2,5,2,1,2,0,7,11,2,12,3,4,13,15,11,18
455,0,1,0,2,5,2,1,2,0,7,11,2,12,3,4,13,15,3,18
456,0,1,0,2,5,2,1,2,0,7,11,2,12,3,4,13,15,3,18
457,0,1,0,2,5,2,1,2,0,7,2,2,2,12,13,3,13,18,14
458,0,1,0,2,5,2,1,2,0,7,11,2,12,3,4,13,15,3,18
459,0,1,0,2,5,2,1,2,0,7,11,2,12,3,4,13,15,11,2
460,0,1,0,2,5,1,3,2,0,1,5,0,1,11,1,8,7,7,9
461,0,2,2,0,4,4,4,0,6,9,0,8,6,5,7,5,17,2,7
462,0,1,0,2,5,2,1,2,0,7,2,2,2,13,13,3,0,3,18
463,0,1,0,2,5,2,1,2,0,7,2,2,2,13,13,3,0,3,18
464,0,1,0,2,5,2,1,2,0,7,11,2,12,3,1,13,7,3,18
465,0,1,0,2,5,2,1,2,0,7,11,2,12,3,4,13,15,3,18
466,0,1,0,2,5,2,1,2,0,7,2,2,2,13,13,3,0,3,18
467,0,1,0,2,5,2,1,2,0,7,2,2,2,13,13,3,0,3,18
468,0,1,0,4,3,2,7,4,7,2,4,9,4,4,5,2,6,12,8
469,0,1,0,2,5,1,3,2,0,1,5,0,1,11,1,8,7,7,9
470,0,1,0,2,5,2,1,2,0,7,11,2,12,3,4,13,15,3,18
471,0,1,0,2,5,2,1,2,0,1,5,0,1,11,1,8,7,7,9
472,0,1,0,2,5,2,1,2,0,7,11,2,12,3,4,13,15,3,2
473,0,1,0,2,5,2,1,2,0,1,5,0,1,11,1,8,7,3,9
474,0,1,0,2,5,2,1,2,0,7,11,2,12,3,4,13,15,11,2
475,0,1,0,2,5,2,1,2,0,7,11,2,12,3,4,13,15,11,2
476,0,2,3,3,4,4,4,0,6,9,0,8,6,5,7,5,17,2,7
477,0,1,0,2,5,2,1,2,0,7,2,2,2,13,13,3,0,14,18
478,0,1,0,2,5,2,1,2,0,7,11,2,12,3,4,13,15,3,18
479,0,1,0,2,5,2,1,2,0,7,11,2,12,3,4,13,15,11,2
480,0,2,3,3,0,4,4,0,6,9,0,8,6,5,7,5,13,2,7
481,0,1,0,2,5,2,1,2,0,7,11,2,12,3,4,13,15,3,18
482,0,2,2,0,4,4,4,0,6,9,0,8,6,5,7,5,17,2,7
483,0,1,0,2,5,2,1,2,0,7,11,2,12,3,4,13,15,3,18
484,0,1,0,2,5,2,1,2,0,7,2,2,2,13,13,3,0,3,18
485,0,1,0,2,5,2,1,2,0,7,11,2,12,3,1,13,7,3,18
486,0,1,0,2,5,2,1,2,0,7,11,2,12,3,4,13,15,3,18
487,0,2,2,0,4,4,4,0,6,9,0,8,6,5,7,5,17,2,7
488,0,1,0,2,5,2,1,2,0,7,11,2,12,3,4,13,15,3,18
489,0,1,0,2,5,2,1,2,0,7,11,2,12,3,4,13,15,3,18
490,0,2,3,3,0,1,3,3,1,1,5,0,1,11,12,8,16,7,9
491,0,1,0,2,5,2,1,2,0,7,11,2,12,3,4,13,15,11,2
492,0,1,0,2,5,2,1,2,0,7,11,2,12,3,4,13,15,11,2
493,0,1,0,2,5,2,1,2,0,7,11,2,12,3,4,13,15,11,2
494,0,1,0,2,5,2,1,2,0,7,11,2,12,3,4,13,15,3,18
495,0,1,0,2,5,2,1,2,0,7,11,2,12,3,4,13,15,3,18
496,0,1,0,2,5,2,1,2,0,7,11,2,12,3,4,13,15,3,18
497,0,1,0,2,5,2,1,2,0,7,2,2,2,13,13,3,0,14,18
498,0,1,0,2,5,2,1,2,0,7,11,2,12,3,4,13,15,11,2
499,0,1,0,2,5,2,1,2,0,7,2,2,2,13,13,3,0,14,13
500,0,2,3,3,0,1,3,3,1,6,10,10,9,1,12,0,16,0,4
501,0,2,3,3,0,1,3,3,1,1,5,0,1,11,1,8,7,7,3
502,0,2,3,3,0,5,5,3,1,6,10,10,9,1,12,0,16,0,4
503,0,1,3,3,0,1,3,3,1,1,5,0,1,11,1,8,7,7,9
504,0,2,3,3,0,1,3,3,1,1,5,0,1,11,12,8,16,7,3
505,0,2,3,3,0,1,3,3,1,6,10,10,9,1,12,0,16,0,3
506,0,2,3,3,0,1,3,3,1,6,10,10,9,1,12,0,16,0,3
507,0,1,0,4,3,0,6,6,5,8,9,7,5,6,8,7,9,5,6
508,0,1,0,2,5,2,1,2,0,7,2,2,2,13,13,3,0,14,13
509,0,1,3,3,0,1,3,3,1,1,5,0,1,11,1,8,7,7,9
510,0,2,3,3,0,1,3,3,1,1,5,0,1,11,12,8,16,7,9
511,0,2,3,3,0,5,5,3,1,6,10,10,9,1,12,0,16,0,4
512,0,2,3,3,0,1,3,3,1,6,10,10,9,1,12,0,16,0,4
513,0,2,2,0,2,6,0,5,4,4,6,5,3,0,9,14,3,15,19
514,0,2,3,3,0,1,3,3,1,1,5,0,1,11,12,8,16,7,3
515,0,1,0,4,3,2,7,4,7,2,4,9,4,4,5,2,6,12,8
516,0,1,3,3,0,1,3,3,1,1,5,0,1,11,1,8,7,7,9
517,0,2,3,3,0,1,3,3,1,1,5,0,1,11,1,8,7,7,3
518,0,1,0,2,5,2,1,2,0,7,2,2,2,13,13,3,0,14,13
519,0,2,3,3,0,1,3,3,1,1,5,0,1,11,12,8,16,7,9
520,0,2,3,3,0,1,3,3,1,6,10,10,9,1,12,0,16,0,4
521,0,2,3,3,0,1,3,3,1,1,5,0,1,11,12,8,16,7,9
522,0,2,2,0,4,4,4,0,6,9,0,8,6,5,7,5,17,2,7
523,0,1,0,2,0,1,3,3,1,1,5,0,1,11,1,8,7,7,9
524,0,2,3,3,4,5,5,8,3,10,3,4,7,8,14,12,12,9,0
525,0,2,3,3,0,1,3,3,1,1,5,0,1,11,1,8,7,7,3
526,0,2,3,3,0,5,5,8,3,6,10,10,9,1,12,0,16,0,4
527,0,2,3,3,0,1,3,3,1,1,5,0,1,11,12,8,16,7,9
528,0,1,0,2,5,2,1,2,0,7,2,2,2,13,13,3,0,14,13
529,0,2,3,3,0,5,5,8,3,6,10,10,9,1,12,0,16,0,4
530,0,2,3,3,0,5,5,8,3,6,10,10,9,1,12,0,16,0,4
531,0,1,0,2,5,2,1,2,0,7,2,2,2,13,13,3,0,14,13
532,0,1,0,2,0,1,3,3,1,1,5,0,1,11,1,8,7,7,9
533,0,1,0,2,5,1,3,2,0,1,5,0,1,11,1,8,7,7,9
534,0,1,3,2,0,1,3,3,1,1,5,0,1,11,1,8,7,7,9
535,0,2,2,0,2,6,0,5,4,4,6,5,3,0,9,14,3,15,19
536,0,2,3,3,0,5,5,8,3,6,10,10,9,1,12,0,16,0,4
537,0,2,3,3,0,5,5,8,3,6,10,10,9,1,12,0,16,0,4
538,0,1,0,2,0,1,3,3,1,1,5,0,1,11,1,8,7,7,9
539,0,2,3,3,0,5,5,8,3,6,10,10,9,1,12,0,16,0,4
540,0,2,2,0,2,4,4,0,6,9,0,8,6,14,0,5,17,2,16
541,0,2,3,3,0,1,3,3,1,6,10,10,9,1,12,0,16,0,3
542,0,1,3,2,0,1,3,3,1,1,5,0,1,11,1,8,7,7,9
543,0,1,0,2,5,2,1,2,0,7,2,2,2,13,13,3,0,14,13
544,0,1,3,3,0,1,3,3,1,1,5,0,1,11,1,8,7,7,9
545,0,1,0,2,5,2,1,2,0,7,2,2,2,13,13,3,0,14,13
546,0,1,0,2,5,2,1,2,0,7,2,2,2,13,13,3,0,14,13
547,0,1,3,3,0,1,3,3,1,1,5,0,1,11,1,8,7,7,9
548,0,2,2,0,2,6,0,5,4,4,6,5,3,0,9,14,3,15,19
549,0,2,2,0,2,6,0,5,4,4,6,5,13,0,9,4,3,4,5
550,0,1,0,2,0,1,3,3,1,1,5,0,1,11,1,8,7,7,9
551,0,2,3,3,0,1,3,3,1,1,5,0,1,11,12,8,16,7,4
552,0,2,2,0,2,6,0,5,4,4,6,5,3,0,9,14,3,15,19
553,0,1,0,2,0,1,3,3,1,1,5,0,1,11,1,8,7,7,9
554,0,2,2,0,4,4,4,0,6,9,0,8,6,5,7,5,17,2,7
555,0,1,0,2,5,2,1,2,0,7,2,2,2,13,13,3,0,14,13
556,0,1,0,2,5,2,1,2,0,7,2,2,2,13,13,3,0,14,13
557,0,2,3,3,0,1,3,3,1,1,5,0,1,11,12,8,16,7,9
558,0,2,3,3,0,1,3,3,1,1,5,0,1,11,12,8,16,7,4
559,0,1,3,3,0,1,3,3,1,1,5,0,1,11,1,8,7,7,9
560,0,2,3,3,0,5,5,8,3,6,10,10,9,1,14,0,12,0,4
561,0,2,3,3,0,1,3,3,1,1,5,0,1,11,12,8,16,7,3
562,0,1,0,2,5,2,1,2,0,7,2,2,2,13,13,3,0,14,13
563,0,2,3,3,0,1,3,3,1,1,5,0,1,11,12,8,16,7,9
564,0,2,3,3,0,1,3,3,1,6,10,10,9,1,12,0,16,0,4
565,0,1,0,2,5,2,1,2,0,7,2,2,2,13,13,3,0,14,18
566,0,2,2,0,4,4,4,0,6,9,0,3,6,14,0,10,14,16,16
567,0,2,3,3,0,1,3,3,1,6,10,10,9,1,12,0,16,0,3
568,0,2,3,3,0,1,3,3,1,1,5,0,1,11,12,8,16,7,9
569,0,2,3,3,0,1,3,3,1,1,5,0,1,11,1,8,7,7,3
570,0,2,3,3,0,1,3,3,1,1,5,0,1,11,12,8,16,7,9
571,0,1,0,2,5,2,1,2,0,7,2,2,2,13,13,3,0,14,13
572,0,2,3,3,4,5,5,8,3,10,3,4,7,8,14,12,12,9,4
573,0,2,3,3,0,1,3,3,1,1,5,0,1,11,12,8,16,7,3
574,0,2,2,0,4,4,4,0,6,9,0,8,6,5,7,5,17,2,7
575,0,2,3,3,0,1,3,3,1,1,5,0,1,11,1,8,7,7,9
576,0,2,3,3,0,5,5,8,3,6,10,10,9,1,12,0,16,0,4
577,0,2,3,3,0,1,3,3,1,1,5,0,1,11,1,8,7,7,9
578,0,1,0,4,3,2,7,4,7,2,4,9,4,4,5,2,6,11,2
579,0,2,2,0,2,6,0,5,4,4,6,5,3,0,9,14,3,15,19
580,0,2,3,3,0,5,5,3,1,6,10,10,9,1,12,0,16,0,4
581,0,1,3,3,0,1,3,3,1,1,5,0,1,11,1,8,7,7,9
582,0,2,2,0,4,4,4,0,6,9,0,3,6,14,0,10,14,16,16
583,0,2,3,3,0,1,3,3,1,6,10,10,9,1,12,0,16,0,4
584,0,1,0,2,5,1,3,2,0,1,5,0,1,11,1,8,7,7,9
585,0,1,0,4,3,2,7,4,7,2,4,9,4,4,5,2,6,12,8
586,0,2,3,3,0,1,3,3,1,1,5,0,1,11,1,8,7,7,9
587,0,2,3,3,0,1,3,3,1,1,5,0,1,11,1,8,7,7,3
588,0,1,3,2,0,1,3,3,1,1,5,0,1,11,1,8,7,7,9
589,0,1,3,3,0,1,3,3,1,1,5,0,1,11,1,8,7,7,9
590,0,2,3,3,0,1,3,3,1,1,5,0,1,11,12,8,16,7,3
591,0,1,0,4,3,2,7,4,7,2,4,9,4,4,5,2,6,12,8
592,0,2,3,3,0,1,3,3,1,1,5,0,1,11,1,8,7,7,9
593,0,2,3,3,0,5,5,3,1,6,10,10,9,1,12,0,16,0,4
594,0,2,3,3,0,1,3,3,1,6,10,10,9,1,12,0,16,0,4
595,0,2,3,3,0,1,3,3,1,1,5,0,1,11,12,8,16,7,3
596,0,2,3,3,0,1,3,3,1,6,10,10,9,1,3,0,2,0,3
597,0,1,0,2,5,2,1,2,0,7,2,2,2,13,13,3,0,14,13
598,0,1,0,2,5,2,1,2,0,7,2,2,2,13,13,3,0,14,13
599,0,2,3,3,0,1,3,3,1,1,5,0,1,11,3,8,2,7,3
600,0,2,3,3,0,1,3,3,1,6,10,10,9,1,12,0,16,0,3
601,0,1,0,2,5,2,1,2,0,7,2,2,2,13,13,3,0,14,13
602,0,2,3,3,0,1,3,3,1,6,10,10,9,1,3,0,2,0,3
603,0,2,3,3,0,1,3,3,1,1,5,0,1,11,12,8,16,7,9
604,0,2,2,0,2,6,0,5,4,4,6,5,3,0,9,14,3,15,19
605,0,2,3,3,0,5,5,8,3,6,10,10,9,1,12,0,16,0,4
606,0,2,2,0,2,6,0,5,4,4,6,5,13,0,9,4,3,4,5
607,0,1,0,2,5,2,1,2,0,7,2,2,2,13,13,3,0,14,13
608,0,1,3,3,0,1,3,3,1,1,5,0,1,11,1,8,7,7,9
609,0,2,3,3,4,5,5,8,3,6,10,10,9,1,3,0,2,0,4
610,0,2,3,3,0,1,3,3,1,1,5,0,1,11,1,8,7,7,3
611,0,2,3,3,0,1,3,3,1,6,10,10,9,1,12,0,16,0,4
612,0,2,3,3,0,1,3,3,1,1,5,0,1,11,12,8,16,7,9
613,0,1,3,2,0,1,3,3,1,1,5,0,1,11,1,8,7,7,9
614,0,2,2,0,2,6,0,5,4,4,6,5,13,0,9,4,3,4,5
615,0,2,2,0,2,6,0,5,4,4,6,5,13,0,9,4,3,4,5
616,0,1,0,2,0,1,3,3,1,1,5,0,1,11,1,8,7,7,9
617,0,2,2,0,4,4,4,0,6,9,0,3,6,14,0,10,14,16,16
618,0,1,0,2,5,2,1,2,0,7,11,2,12,3,4,13,15,3,18
619,0,2,3,3,0,1,3,3,1,6,10,10,9,1,12,0,16,0,4
620,0,2,3,3,0,5,5,3,3,6,10,10,9,1,12,0,16,0,4
621,0,1,0,2,5,2,1,2,0,7,2,2,2,13,13,3,0,14,13
622,0,1,0,2,5,2,1,2,0,7,2,2,2,13,13,3,0,14,13
623,0,2,3,3,4,5,5,8,3,10,3,4,7,8,14,12,12,9,0
624,0,2,3,3,0,5,5,8,3,6,10,10,9,1,12,0,16,0,4
625,0,2,3,3,0,5,5,8,3,6,10,10,9,1,3,0,2,0,4
626,0,2,3,3,0,1,3,3,1,6,10,10,9,1,12,0,16,0,4
627,0,1,0,2,5,2,1,2,0,7,2,2,2,13,13,3,0,14,13
628,0,2,3,3,4,5,5,8,3,6,10,10,9,1,3,0,2,0,4
629,0,2,3,3,0,1,3,3,1,1,5,0,1,11,12,8,16,7,4
630,0,1,0,2,5,2,1,2,0,7,2,2,2,13,13,3,0,14,13
631,0,2,3,3,0,5,5,8,3,6,10,10,9,1,3,0,2,0,4
632,0,2,3,3,0,1,3,3,1,6,10,10,9,1,12,0,16,0,4
633,0,1,0,4,3,0,6,6,5,8,9,7,5,6,8,7,9,5,6
634,0,2,3,3,0,1,3,3,1,1,5,0,1,11,1,8,7,7,9
635,0,1,0,2,5,1,1,2,0,7,2,2,2,13,13,3,0,14,13
636,0,1,0,2,5,2,1,2,0,7,2,2,2,13,13,3,0,14,13
637,0,1,3,3,0,1,3,3,1,1,5,0,1,11,1,8,7,7,9
638,0,1,0,2,5,2,1,2,0,7,2,2,2,13,13,3,0,14,13
639,0,1,3,2,0,1,3,3,1,1,5,0,1,11,1,8,7,7,9
640,0,1,0,4,3,2,7,4,7,2,4,9,4,4,5,2,6,12,8
641,0,2,2,0,4,4,4,0,6,9,0,3,6,14,0,10,14,16,16
642,0,1,3,2,0,1,3,3,1,1,5,0,1,11,1,8,7,7,9
643,0,2,3,3,0,1,3,3,1,6,10,10,9,1,12,0,16,0,4
644,0,2,3,3,0,5,5,8,3,6,10,10,9,1,12,0,16,0,4
645,0,2,3,3,0,1,3,3,1,1,5,0,1,11,12,8,16,7,3
646,0,2,3,3,4,5,5,8,3,6,10,10,9,1,3,0,2,0,4
647,0,2,2,0,2,4,4,0,6,9,0,3,6,14,0,10,14,16,16
648,0,2,2,0,2,6,0,5,4,4,6,5,3,0,9,14,3,15,19
649,0,2,3,3,0,1,3,3,1,6,10,10,9,1,12,0,16,0,4
650,0,2,3,3,0,1,3,3,1,1,5,0,1,11,12,8,16,7,3
651,0,2,3,3,0,1,3,3,1,6,10,10,9,1,12,0,16,0,4
652,0,2,3,3,0,5,5,3,3,6,10,10,9,1,12,0,16,0,4
653,0,1,3,3,0,1,3,3,1,1,5,0,1,11,1,8,7,7,9
654,0,2,3,3,0,1,3,3,1,1,5,0,1,11,12,8,16,7,4
655,0,1,0,4,3,2,7,4,7,2,4,9,4,4,5,2,6,12,8
656,0,2,3,3,0,1,3,3,1,1,5,0,1,11,12,8,16,7,3
657,0,2,2,0,2,4,4,0,6,9,0,3,6,14,0,10,14,16,16
658,0,2,3,3,0,1,3,3,1,6,10,10,9,1,12,0,16,0,4
659,0,1,0,2,5,2,1,2,0,7,2,2,2,13,13,3,0,14,13
660,0,2,3,3,0,1,3,3,1,1,5,0,1,11,12,8,16,7,9
661,0,2,3,3,0,1,3,3,1,1,5,0,1,11,12,8,16,7,3
662,0,1,0,4,3,2,7,4,7,2,4,9,4,4,5,2,6,12,8
663,0,2,3,3,0,1,3,3,1,6,10,10,9,1,12,0,16,0,3
664,0,2,2,0,2,4,4,0,6,9,0,3,6,14,0,10,14,16,16
665,0,2,3,3,0,1,3,3,1,1,5,0,1,11,12,8,16,7,9
666,0,1,0,2,5,2,1,2,0,7,2,2,2,13,13,3,0,14,13
667,0,1,0,2,5,2,1,2,0,7,2,2,2,13,13,3,0,14,13
668,0,2,3,3,0,1,3,3,1,1,5,0,1,11,1,8,7,7,9
669,0,2,2,0,4,4,4,0,6,9,0,3,6,14,0,10,14,16,16
670,0,1,0,2,5,2,1,2,0,7,2,2,2,13,13,3,0,14,13
671,0,1,0,2,5,2,1,2,0,7,2,2,2,13,13,3,0,14,13
672,0,2,3,3,0,1,3,3,1,1,5,0,1,11,12,8,16,7,3
673,0,2,0,2,0,4,4,0,6,9,0,8,6,5,7,5,13,2,7
674,0,2,3,3,0,1,3,3,1,6,10,10,9,1,12,0,16,0,4
675,0,2,3,3,0,1,3,3,1,1,5,0,1,11,12,8,16,7,3
676,0,2,3,3,4,5,5,8,3,6,10,10,9,1,3,0,2,0,4
677,0,2,3,3,0,5,5,8,3,6,10,10,9,1,12,0,16,0,4
678,0,1,3,3,0,1,3,3,1,1,5,0,1,11,1,8,7,7,9
679,0,1,3,2,0,1,3,3,1,1,5,0,1,11,1,8,7,7,9
680,0,2,3,3,0,1,3,3,1,6,10,10,9,1,12,0,16,0,4
681,0,1,0,2,5,2,1,2,0,7,2,2,2,13,13,3,0,14,13
682,0,1,0,4,3,0,6,6,5,8,9,7,5,6,8,7,9,5,6
683,0,2,3,3,0,1,3,3,1,1,5,0,1,11,12,8,16,7,9
684,0,2,3,3,0,1,3,3,1,6,10,10,9,1,12,0,16,0,4
685,0,1,0,4,3,2,7,4,7,2,4,9,4,4,5,2,6,12,8
686,0,2,3,3,0,1,3,3,1,6,10,10,9,1,12,0,16,0,4
687,0,1,3,2,0,1,3,3,1,1,5,0,1,11,1,8,7,7,9
688,0,1,3,3,0,1,3,3,1,1,5,0,1,11,1,8,7,7,9
689,0,2,3,3,0,1,3,3,1,6,10,10,9,1,12,0,16,0,4
690,0,1,0,2,0,1,3,3,1,1,5,0,1,11,1,8,7,7,9
691,0,2,3,3,0,5,5,8,3,6,10,10,9,1,12,0,16,0,4
692,0,2,3,3,0,1,3,3,1,1,5,0,1,11,12,8,16,7,9
693,0,1,3,3,0,1,3,3,1,1,5,0,1,11,1,8,7,7,9
694,0,1,0,2,0,1,3,3,1,1,5,0,1,11,1,8,7,7,9
695,0,2,3,3,0,5,5,3,1,6,10,10,9,1,12,0,16,0,4
696,0,2,3,3,0,1,3,3,1,1,5,0,1,11,12,8,16,7,3
697,0,2,3,3,0,1,3,3,1,1,5,0,1,11,1,8,7,7,3
698,0,1,0,2,5,2,1,2,0,7,2,2,2,13,13,3,0,14,13
699,0,1,0,4,3,2,7,4,7,2,4,9,4,4,5,2,6,12,8
700,0,2,2,0,4,4,4,0,6,9,0,8,6,5,7,5,17,2,7
701,0,1,3,3,0,1,3,3,1,1,5,0,1,11,1,8,7,7,9
702,0,2,2,0,2,6,0,5,4,4,6,5,3,0,9,14,3,15,19
703,0,1,0,2,5,2,1,2,0,7,2,2,2,13,13,3,0,14,13
704,0,2,3,3,0,1,3,3,1,1,5,0,1,11,12,8,16,7,3
705,0,2,3,3,0,5,5,8,3,6,10,10,9,1,12,0,16,0,4
706,0,1,0,2,0,1,3,3,1,1,5,0,1,11,1,8,7,7,9
707,0,2,3,3,0,1,3,3,1,6,10,10,9,1,12,0,16,0,4
708,0,2,3,3,0,5,5,8,3,6,10,10,9,1,3,0,2,0,4
709,0,1,3,2,0,1,3,3,1,1,5,0,1,11,1,8,7,7,9
710,0,2,3,3,0,1,3,3,1,1,5,0,1,11,1,8,7,7,3
711,0,2,3,3,0,1,3,3,1,1,5,0,1,11,12,8,16,7,9
712,0,2,3,3,0,1,3,3,1,6,10,10,9,1,12,0,16,0,3
713,0,2,3,3,0,1,3,3,1,6,10,10,9,1,3,0,2,0,3
714,0,2,3,3,0,1,3,3,1,1,5,0,1,11,12,8,16,7,9
715,0,1,0,4,3,2,7,4,7,2,4,9,4,4,5,2,6,12,8
716,0,2,2,0,4,4,4,0,6,9,0,8,6,5,7,5,17,2,7
717,0,1,0,2,5,2,1,2,0,7,2,2,2,13,13,3,0,14,13
718,0,1,0,2,5,1,1,2,0,1,2,0,2,13,13,3,0,14,13
719,0,2,3,3,0,1,3,3,1,1,5,0,1,11,1,8,7,7,3
720,0,2,2,0,2,6,0,5,4,4,6,5,13,0,9,4,3,4,5
721,0,1,0,2,0,4,4,0,6,9,0,8,6,5,7,5,13,2,7
722,0,2,3,3,0,5,5,8,3,6,10,10,9,1,12,0,16,0,4
723,0,2,2,0,2,6,0,5,4,4,6,5,13,0,9,4,3,4,5
724,0,2,2,0,4,4,4,0,6,9,0,8,6,5,7,5,17,2,7
725,0,2,2,0,4,4,4,0,6,9,0,3,6,14,0,10,14,16,16
726,0,1,0,2,0,1,3,3,1,1,5,0,1,11,1,8,7,7,9
727,0,2,3,3,0,1,3,3,1,1,5,0,1,11,1,8,7,7,3
728,0,1,0,2,5,2,1,2,0,7,2,2,2,13,13,3,0,14,13
729,0,2,3,3,0,1,3,3,1,6,10,10,9,1,12,0,16,0,4
730,0,1,0,2,5,2,1,2,0,7,11,2,12,3,4,13,15,3,18
731,0,1,0,2,5,2,1,2,0,7,2,2,2,13,13,3,0,14,13
732,0,2,3,3,0,1,3,3,1,1,5,0,1,11,12,8,16,7,4
733,0,1,0,2,5,2,1,2,0,7,2,2,2,13,13,3,0,14,13
734,0,1,3,2,0,1,3,3,1,1,5,0,1,11,1,8,7,7,3
735,0,2,3,3,0,1,3,3,1,1,5,0,1,11,12,8,16,7,9
736,0,2,3,3,0,1,3,3,1,1,5,0,1,11,12,8,16,7,3
737,0,2,3,3,0,1,3,3,1,6,10,10,9,1,3,0,2,0,3
738,0,2,2,0,4,4,4,0,6,9,0,8,6,5,7,5,17,2,7
739,0,2,3,3,0,1,3,3,1,6,10,10,9,1,12,0,16,0,4
740,0,2,3,3,0,1,3,3,1,1,5,0,1,11,1,8,7,7,9
741,0,2,3,3,0,1,3,3,1,1,5,0,1,11,1,8,7,7,9
742,0,2,3,3,0,1,3,3,1,6,10,10,9,1,12,0,16,0,3
743,0,2,3,3,0,5,5,8,3,6,10,10,9,1,12,0,16,0,4
744,0,1,0,2,5,2,1,2,0,7,2,2,2,13,13,3,0,14,13
745,0,2,3,3,0,1,3,3,1,1,5,0,1,11,12,8,16,7,9
746,0,2,3,3,0,1,3,3,1,6,10,10,9,1,12,0,16,0,4
747,0,2,3,3,0,1,3,3,1,1,5,0,1,11,1,8,7,7,3
748,0,1,0,2,5,2,1,2,0,7,2,2,2,13,13,3,0,14,13
749,0,2,3,3,0,1,3,3,1,1,5,0,1,11,12,8,16,7,4
750,0,2,3,3,0,1,3,3,1,6,10,10,9,1,3,0,2,0,4
751,0,2,3,3,4,5,5,8,3,10,3,4,7,8,14,12,12,9,0
752,0,2,3,3,0,1,3,3,1,6,10,10,9,1,3,0,2,0,3
753,0,2,3,3,4,5,5,8,3,10,3,4,7,8,14,12,12,9,0
754,0,2,2,0,2,6,0,5,4,4,6,5,13,0,9,4,3,4,5
755,0,2,3,3,0,1,3,3,1,6,10,10,9,1,3,0,2,0,3
756,0,2,2,0,4,4,4,0,6,9,0,8,6,5,7,5,17,2,7
757,0,1,0,4,3,0,6,6,5,8,9,7,5,6,8,7,9,5,6
758,0,2,2,0,4,4,4,0,6,9,0,3,6,14,0,10,14,16,16
759,0,2,3,3,0,1,3,3,1,6,10,10,9,1,3,0,2,0,3
760,0,2,2,0,2,6,0,5,4,4,6,5,13,0,9,4,3,4,5
761,0,1,0,4,3,2,7,4,7,2,4,9,4,4,5,2,6,12,8
762,0,2,3,3,0,1,3,3,1,6,10,10,9,1,3,0,2,0,3
763,0,2,3,3,0,1,3,3,1,6,10,10,9,1,3,0,2,0,3
764,0,2,3,3,0,5,5,3,3,6,10,10,9,1,3,0,2,0,4
765,0,2,3,3,0,1,3,3,1,6,10,10,9,1,3,0,2,0,3
766,0,2,3,3,4,5,5,8,3,6,10,10,9,1,3,0,2,0,4
767,0,2,3,3,4,5,5,8,3,6,10,10,9,1,3,0,2,0,4
768,0,1,0,4,3,2,7,4,7,2,4,9,4,4,5,2,6,12,8
769,0,2,3,3,0,1,3,3,1,6,10,10,9,1,3,0,2,0,3
770,0,2,3,3,4,5,5,8,3,10,3,4,7,8,14,12,12,9,0
771,0,2,3,3,0,1,3,3,1,6,10,10,9,1,3,0,2,0,3
772,0,2,3,3,4,5,5,8,3,10,3,4,7,8,14,12,12,9,0
773,0,1,0,4,3,0,6,6,5,8,9,7,5,6,8,7,9,5,6
774,0,2,3,3,4,5,5,8,3,10,3,4,7,8,14,12,12,9,0
775,0,2,3,3,0,1,3,3,1,6,10,10,9,1,3,0,2,0,3
776,0,2,3,3,4,5,5,8,3,10,3,4,7,8,14,12,12,9,0
777,0,2,3,3,4,5,5,8,3,10,3,4,7,8,14,12,12,9,0
778,0,2,3,3,4,5,5,8,3,6,10,10,9,1,3,0,2,0,4
779,0,2,2,0,2,6,0,5,4,4,6,3,3,14,0,10,14,16,16
780,0,2,3,3,4,5,5,8,3,10,3,4,7,8,14,12,12,9,0
781,0,2,3,3,4,5,5,8,3,10,3,4,7,8,14,12,12,9,0
782,0,2,3,3,0,1,3,3,1,6,5,10,1,1,3,0,2,7,3
783,0,2,2,0,2,6,0,5,4,4,6,5,13,0,9,4,3,4,5
784,0,2,3,3,0,1,3,3,1,6,10,10,9,1,3,0,2,0,3
785,0,2,2,0,4,4,4,0,6,9,0,3,6,14,0,10,14,16,16
786,0,2,3,3,0,1,3,3,1,1,5,0,1,11,12,8,16,7,3
787,0,2,3,3,4,5,5,8,3,10,3,4,7,8,14,12,12,9,0
788,0,2,3,3,4,5,5,8,3,6,10,10,9,1,3,0,2,0,4
789,0,2,3,3,4,5,5,8,3,6,10,10,9,1,3,0,2,0,4
790,0,2,3,3,0,1,3,3,1,6,10,10,9,1,3,0,2,0,3
791,0,2,3,3,4,5,5,8,3,10,3,4,7,8,14,12,12,9,0
792,0,2,3,3,4,5,5,8,3,10,3,4,7,8,14,12,12,9,0
793,0,2,3,3,0,1,3,3,1,6,10,10,9,1,3,0,2,0,3
794,0,2,3,3,0,1,3,3,1,6,10,10,9,1,3,0,2,0,3
795,0,2,2,0,4,4,4,0,6,9,0,3,6,14,0,10,14,16,16
796,0,2,3,3,0,1,3,3,1,6,10,10,9,1,3,0,2,0,3
797,0,2,3,3,0,5,5,8,3,6,10,10,9,1,3,0,2,0,4
798,0,2,3,3,0,1,3,3,1,6,10,10,9,1,3,0,2,0,3
799,0,2,3,3,0,1,3,3,1,6,10,10,9,1,3,0,2,0,3
800,0,2,2,0,2,6,0,5,4,4,6,5,13,0,9,4,3,4,5
801,0,2,2,0,2,6,0,5,4,4,6,5,13,0,9,4,3,4,5
802,0,2,3,3,0,5,5,8,3,6,10,10,9,1,3,0,2,0,4
803,0,2,3,3,4,5,5,8,3,10,3,4,7,8,14,12,12,9,0
804,0,2,3,3,4,5,5,8,3,10,3,4,7,8,14,12,12,9,0
805,0,2,3,3,4,5,5,8,3,6,10,10,9,1,3,0,2,0,4
806,0,2,3,3,0,1,3,3,1,6,10,10,9,1,3,0,2,0,3
807,0,2,2,0,2,6,0,5,4,4,6,5,3,0,9,14,3,15,19
808,0,2,3,3,4,5,5,8,3,10,3,4,7,8,14,12,12,9,0
809,0,2,3,3,4,5,5,8,3,10,3,4,7,8,14,12,12,9,0
810,0,2,3,3,4,5,5,8,3,10,3,4,7,8,14,12,12,9,0
811,0,2,3,3,0,1,3,3,1,6,10,10,9,1,3,0,2,0,3
812,0,2,2,0,4,4,4,0,6,9,0,8,6,5,7,5,17,2,7
813,0,2,3,3,4,5,5,8,3,10,3,4,7,8,14,12,12,9,0
814,0,1,0,4,3,2,7,4,7,2,4,9,4,4,5,2,6,12,8
815,0,2,3,3,0,1,3,3,1,6,10,10,9,1,3,0,2,0,3
816,0,2,2,0,4,4,4,0,6,9,0,3,6,14,0,10,14,16,16
817,0,1,0,4,3,0,6,6,5,8,9,7,5,6,8,7,9,5,6
818,0,2,3,3,4,5,5,8,3,10,3,4,7,8,14,12,12,9,0
819,0,2,3,3,0,1,3,3,1,6,10,10,9,1,3,0,2,0,3
820,0,2,2,0,4,4,4,0,6,9,0,8,6,5,7,5,17,2,7
821,0,2,3,3,0,5,5,8,3,6,10,10,9,1,3,0,2,0,4
822,0,2,2,0,2,6,0,5,4,4,6,5,13,0,9,4,3,4,5
823,0,2,3,3,4,5,5,8,3,10,3,4,7,8,14,12,12,9,0
824,0,2,3,3,4,5,5,8,3,10,3,4,7,8,14,12,12,9,0
825,0,2,2,0,2,6,0,5,4,4,6,5,13,0,9,4,3,4,5
826,0,2,2,0,4,4,4,0,6,9,0,8,6,5,7,5,17,2,7
827,0,1,0,4,3,2,7,4,7,2,4,9,4,4,5,2,6,12,8
828,0,2,3,3,4,5,5,8,3,10,3,4,7,8,14,12,12,9,0
829,0,2,3,3,4,5,5,8,3,10,3,4,7,8,14,12,12,9,0
830,0,2,3,3,4,5,5,8,3,10,3,4,7,8,14,12,12,9,0
831,0,2,3,3,0,1,3,3,1,6,10,10,9,1,3,0,2,0,3
832,0,2,2,0,4,4,4,0,6,9,0,8,6,5,7,5,17,2,7
833,0,2,3,3,4,5,5,8,3,6,10,10,9,1,3,0,2,0,4
834,0,2,2,0,4,4,4,0,6,9,0,8,6,5,7,5,17,2,7
835,0,2,3,3,4,5,5,8,3,10,3,4,7,8,14,12,12,9,0
836,0,2,3,3,4,5,5,8,3,10,3,4,7,8,14,12,12,9,0
837,0,2,3,3,0,1,3,3,1,6,10,10,9,1,3,0,2,0,3
838,0,2,3,3,4,5,5,8,3,10,3,4,7,8,14,12,12,9,0
839,0,2,3,3,4,5,5,8,3,6,10,10,9,1,3,0,2,0,4
840,0,2,3,3,0,1,3,3,1,6,10,10,9,1,3,0,2,0,3
841,0,2,2,0,2,6,0,5,4,4,6,5,13,0,9,4,3,4,5
842,0,2,3,3,4,5,5,8,3,6,10,10,9,1,3,0,2,0,4
843,0,2,3,3,4,5,5,8,3,10,3,4,7,8,14,12,12,9,0
844,0,2,3,3,4,5,5,8,3,10,3,4,7,8,14,12,12,9,0
845,0,2,3,3,4,5,5,8,3,10,3,4,7,8,14,12,12,9,0
846,0,2,3,3,4,5,5,8,3,6,10,10,9,1,3,0,2,0,4
847,0,2,3,3,0,1,3,3,1,6,10,10,9,1,3,0,2,0,3
848,0,2,3,3,0,1,3,3,1,6,10,10,9,1,3,0,2,0,3
849,0,2,3,3,0,5,5,8,3,6,10,10,9,1,3,0,2,0,4
850,0,2,3,3,4,5,5,8,3,10,3,4,7,8,14,12,12,9,0
851,0,2,3,3,0,1,3,3,1,6,10,10,9,1,3,0,2,0,3
852,0,2,3,3,4,5,5,8,3,10,3,4,7,8,14,12,12,9,0
853,0,2,2,0,2,6,0,5,4,4,6,5,13,0,9,4,3,4,5
854,0,2,3,3,0,1,3,3,1,6,10,10,9,1,3,0,2,0,3
855,0,2,3,3,0,5,5,8,3,6,10,10,9,1,3,0,2,0,4
856,0,2,2,0,4,4,4,0,6,9,0,3,6,14,0,10,14,16,16
857,0,2,2,0,2,6,0,5,4,4,6,5,13,0,9,4,3,4,5
858,0,2,3,3,0,5,5,8,3,6,10,10,9,1,3,0,2,0,4
859,0,1,0,4,3,2,7,4,7,2,4,9,4,4,5,2,6,12,8
860,0,2,3,3,0,1,3,3,1,6,10,10,9,1,3,0,2,0,3
861,0,2,2,0,4,4,4,0,6,9,0,3,6,14,0,10,14,16,16
862,0,2,3,3,4,5,5,8,3,10,3,4,7,8,14,12,12,9,0
863,0,2,3,3,4,5,5,8,3,10,3,4,7,8,14,12,12,9,0
864,0,2,3,3,0,1,3,3,1,6,10,10,9,1,3,0,2,0,3
865,0,2,2,0,4,4,4,0,6,9,0,8,6,5,7,5,17,2,7
866,0,2,3,3,4,5,5,8,3,6,10,10,9,1,3,0,2,0,4
867,0,2,3,3,0,5,5,8,3,6,10,10,9,1,3,0,2,0,4
868,0,2,3,3,4,5,5,8,3,10,3,4,7,8,14,12,12,9,0
869,0,1,0,4,3,2,7,4,7,2,4,9,4,4,5,2,6,12,8
870,0,2,3,3,0,1,3,3,1,6,10,10,9,1,3,0,2,0,3
871,0,2,3,3,0,1,3,3,1,6,10,10,9,1,3,0,2,0,3
872,0,2,3,3,4,5,5,8,3,6,10,10,9,1,3,0,2,0,4
873,0,2,3,3,4,5,5,8,3,6,10,10,9,1,3,0,2,0,4
874,0,2,3,3,0,1,3,3,1,6,10,10,9,1,3,0,2,0,3
875,0,2,2,0,2,6,0,5,4,4,6,5,3,0,9,14,3,15,19
876,0,2,3,3,4,5,5,8,3,6,10,10,9,1,3,0,2,0,4
877,0,2,3,3,4,5,5,8,3,10,3,4,7,8,14,12,12,9,0
878,0,2,2,0,4,4,4,0,6,9,0,3,6,5,0,10,17,2,7
879,0,2,3,3,4,5,5,8,3,10,3,4,7,8,14,12,12,9,0
880,0,1,0,4,3,0,6,6,5,8,9,7,5,6,8,7,9,5,6
881,0,2,2,0,4,4,4,0,6,9,0,3,6,14,0,10,14,16,16
882,0,1,0,4,3,0,6,6,5,8,9,7,5,6,8,7,9,5,6
883,0,2,3,3,0,1,3,3,1,6,10,10,9,1,3,0,2,0,3
884,0,2,3,3,0,1,3,3,1,6,10,10,9,1,3,0,2,0,3
885,0,2,3,3,4,5,5,8,3,6,10,10,9,1,3,0,2,0,4
886,0,2,3,3,4,5,5,8,3,10,3,4,7,8,14,12,12,9,0
887,0,2,3,3,0,5,5,8,3,6,10,10,9,1,3,0,2,0,4
888,0,2,3,3,0,1,3,3,1,6,10,10,9,1,3,0,2,0,3
889,0,2,2,0,4,4,4,0,6,9,0,8,6,5,7,5,17,2,7
890,0,2,3,3,0,1,3,3,1,6,10,10,9,1,3,0,2,0,3
891,0,1,0,4,3,2,7,4,7,2,4,9,4,4,5,2,6,12,8
892,0,2,3,3,4,5,5,8,3,10,3,4,7,8,14,12,12,9,0
893,0,1,0,4,3,2,7,4,7,2,4,9,4,4,5,2,6,12,8
894,0,1,0,4,3,0,6,6,5,8,9,7,5,6,8,7,9,5,6
895,0,2,3,3,4,5,5,8,3,10,3,4,7,8,14,12,12,9,0
896,0,2,3,3,0,5,5,8,3,6,10,10,9,1,3,0,2,0,4
897,0,2,3,3,4,5,5,8,3,10,3,4,7,8,14,12,12,9,0
898,0,2,3,3,4,5,5,8,3,10,3,4,7,8,14,12,12,9,0
899,0,2,3,3,4,5,5,8,3,10,3,4,7,8,14,12,12,9,0
900,0,2,2,0,2,6,0,5,4,4,6,5,13,0,9,4,3,4,5
901,0,2,3,3,0,5,5,8,3,6,10,10,9,1,3,0,2,0,4
902,0,2,3,3,4,5,5,8,3,10,3,4,7,8,14,12,12,9,0
903,0,2,3,3,4,5,5,8,3,6,10,10,9,1,3,0,2,0,4
904,0,2,3,3,0,1,3,3,1,6,10,10,9,1,3,0,2,0,3
905,0,2,3,3,0,1,3,3,1,6,10,10,9,1,3,0,2,0,3
906,0,1,0,4,3,2,7,4,7,2,4,9,4,4,5,2,6,12,8
907,0,2,3,3,0,5,5,8,3,6,10,10,9,1,3,0,2,0,4
908,0,2,3,3,4,5,5,8,3,10,3,4,7,8,14,12,12,9,0
909,0,2,3,3,0,1,3,3,1,6,10,10,9,1,3,0,2,0,3
910,0,2,3,3,4,5,5,8,3,6,10,10,9,1,3,0,2,0,4
911,0,2,3,3,4,5,5,8,3,6,10,10,9,1,3,0,2,0,4
912,0,1,0,4,3,2,7,4,7,2,4,9,4,4,5,2,6,12,8
913,0,2,3,3,0,1,3,3,1,6,10,10,9,1,3,0,2,0,3
914,0,2,3,3,4,5,5,8,3,10,3,4,7,8,14,12,12,9,0
915,0,2,2,0,4,4,4,0,6,9,0,8,6,5,7,5,17,2,7
916,0,2,3,3,0,1,3,3,1,6,10,10,9,1,3,0,2,0,3
917,0,2,3,3,0,1,3,3,1,6,10,10,9,1,3,0,2,0,3
918,0,2,3,3,4,5,5,8,3,10,3,4,7,8,14,12,12,9,0
919,0,2,3,3,4,5,5,8,3,10,3,4,7,8,14,12,12,9,0
920,0,2,3,3,0,5,5,3,1,6,10,10,9,1,3,0,2,0,4
921,0,2,3,3,4,5,5,8,3,10,3,4,7,8,14,12,12,9,0
922,0,2,3,3,4,5,5,8,3,10,3,4,7,8,14,12,12,9,0
923,0,2,3,3,0,1,3,3,1,6,10,10,9,1,3,0,2,0,3
924,0,2,3,3,4,5,5,8,3,10,3,4,7,8,14,12,12,9,0
925,0,2,3,3,0,5,5,3,3,6,10,10,9,1,3,0,2,0,4
926,0,2,3,3,4,5,5,8,3,10,3,4,7,8,14,12,12,9,0
927,0,2,3,3,0,5,5,8,3,6,10,10,9,1,3,0,2,0,4
928,0,2,3,3,0,1,3,3,1,6,10,10,9,1,3,0,2,0,4
929,0,2,3,3,4,5,5,8,3,10,3,4,7,8,14,12,12,9,0
930,0,2,3,3,0,1,3,3,1,6,10,10,9,1,3,0,2,0,3
931,0,2,3,3,4,5,5,8,3,6,10,10,9,1,3,0,2,0,4
932,0,2,3,3,0,5,5,8,3,6,10,10,9,1,3,0,2,0,4
933,0,2,3,3,0,1,3,3,1,6,10,10,9,1,3,0,2,0,3
934,0,2,3,3,4,5,5,8,3,10,3,4,7,8,14,12,12,9,4
935,0,2,3,3,4,5,5,8,3,10,3,4,7,8,14,12,12,9,0
936,0,2,3,3,0,5,5,8,3,6,10,10,9,1,3,0,2,0,4
937,0,2,3,3,4,5,5,8,3,10,3,4,7,8,14,12,12,9,0
938,0,1,0,4,3,2,7,4,7,2,4,9,4,4,5,2,6,12,8
939,0,2,3,3,0,1,3,3,1,6,10,10,9,1,3,0,2,0,3
940,0,2,3,3,0,5,5,8,3,6,10,10,9,1,3,0,2,0,4
941,0,2,2,0,2,6,0,5,4,4,6,5,13,0,9,4,3,4,5
942,0,2,3,3,0,1,3,3,1,1,5,0,1,11,1,8,7,7,3
943,0,2,2,0,4,4,4,0,6,9,0,8,6,5,7,5,17,2,7
944,0,2,3,3,4,5,5,8,3,6,10,10,9,1,3,0,2,0,4
945,0,2,3,3,0,1,3,3,1,6,10,10,9,1,3,0,2,0,3
946,0,2,3,3,0,1,3,3,1,6,10,10,9,1,3,0,2,0,3
947,0,2,3,3,0,1,3,3,1,6,10,10,9,1,3,0,2,0,3
948,0,2,2,0,4,4,4,0,6,9,0,3,6,14,0,10,14,16,16
949,0,2,3,3,0,1,3,3,1,6,10,10,9,1,3,0,2,0,4
950,0,2,3,3,0,1,3,3,1,6,10,10,9,1,3,0,2,0,3
951,0,2,3,3,0,1,3,3,1,6,10,10,9,1,3,0,2,0,3
952,0,2,3,3,4,5,5,8,3,6,10,10,9,1,3,0,2,0,4
953,0,2,3,3,0,1,3,3,1,6,10,10,9,1,3,0,2,0,3
954,0,2,3,3,4,5,5,8,3,10,3,4,7,8,14,12,12,9,0
955,0,2,3,3,4,5,5,8,3,6,10,10,9,1,3,0,2,0,4
956,0,2,3,3,4,5,5,8,3,10,3,4,7,8,14,12,12,9,0
957,0,2,3,3,4,5,5,8,3,10,3,4,7,8,14,12,12,9,0
958,0,2,3,3,0,5,5,8,3,6,10,10,9,1,3,0,2,0,4
959,0,2,3,3,0,5,5,8,3,6,10,10,9,1,3,0,2,0,4
960,0,2,3,3,4,5,5,8,3,6,10,10,9,1,3,0,2,0,4
961,0,2,3,3,4,5,5,8,3,10,3,4,7,8,14,12,12,9,0
962,0,2,3,3,4,5,5,8,3,10,3,4,7,8,14,12,12,9,0
963,0,2,2,0,2,6,0,5,4,4,6,5,13,0,9,4,3,4,5
964,0,2,3,3,0,5,5,8,3,6,10,10,9,1,3,0,2,0,4
965,0,2,3,3,0,1,3,3,1,6,10,10,9,1,3,0,2,0,3
966,0,2,2,0,2,6,0,5,4,4,6,5,13,0,9,4,3,4,5
967,0,2,3,3,0,1,3,3,1,6,10,10,9,1,3,0,2,0,3
968,0,2,3,3,0,1,3,3,1,1,5,0,1,11,1,8,7,7,3
969,0,2,3,3,4,5,5,8,3,10,3,4,7,8,14,12,12,9,0
970,0,2,3,3,4,5,5,8,3,10,3,4,7,8,14,12,12,9,0
971,0,2,2,0,2,6,0,5,4,4,6,5,13,0,9,4,3,4,5
972,0,2,2,0,2,6,0,5,4,4,6,5,13,0,9,4,3,4,5
973,0,1,0,4,3,2,7,4,7,2,4,9,4,4,5,2,6,12,8
974,0,2,3,3,4,5,5,8,3,6,10,10,9,1,3,0,2,0,4
975,0,2,3,3,0,1,3,3,1,6,10,10,9,1,3,0,2,0,3
976,0,2,3,3,0,1,3,3,1,6,10,10,9,1,3,0,2,0,3
977,0,2,3,3,4,5,5,8,3,10,3,4,7,8,14,12,12,9,0
978,0,2,3,3,4,5,5,8,3,10,3,4,7,8,14,12,12,9,0
979,0,2,3,3,4,5,5,8,3,6,10,10,9,1,3,0,2,0,4
980,0,2,3,3,4,5,5,8,3,10,3,4,7,8,14,12,12,9,0
981,0,2,3,3,0,1,3,3,1,6,10,10,9,1,3,0,2,0,3
982,0,2,3,3,4,5,5,8,3,10,3,4,7,8,14,12,12,9,0
983,0,2,3,3,4,5,5,8,3,10,3,4,7,8,14,12,12,9,0
984,0,2,3,3,0,1,3,3,1,6,10,10,9,1,3,0,2,0,3
985,0,2,3,3,4,5,5,8,3,10,3,4,7,8,14,12,12,9,0
986,0,2,2,0,2,6,0,5,4,4,6,5,13,0,9,4,3,4,5
987,0,2,3,3,0,1,3,3,1,6,10,10,9,1,3,0,2,0,3
988,0,2,2,0,4,4,4,0,6,9,0,8,6,5,7,5,17,2,7
989,0,2,3,3,4,5,5,8,3,10,3,4,7,8,14,12,12,9,0
990,0,2,3,3,0,1,3,3,1,6,10,10,9,1,3,0,2,0,3
991,0,2,3,3,4,5,5,8,3,6,10,10,9,1,3,0,2,0,4
992,0,2,3,3,4,5,5,8,3,10,3,4,7,8,14,12,12,9,0
993,0,2,3,3,4,5,5,8,3,6,10,10,9,1,3,0,2,0,4
994,0,2,3,3,4,5,5,8,3,10,3,4,7,8,14,12,12,9,0
995,0,2,3,3,0,5,5,3,1,6,10,10,9,1,3,0,2,0,4
996,0,1,0,4,3,2,7,4,7,2,4,9,4,4,5,2,6,12,8
997,0,2,3,3,0,1,3,3,1,6,10,10,9,1,3,0,2,0,3
998,0,2,3,3,0,1,3,3,1,6,10,10,9,1,3,0,2,0,3
999,0,2,3,3,4,5,5,8,3,10,3,4,7,8,14,12,12,9,0
